{
  "target_coverage": 0.99,
  "achieved_coverage": null,
  "n_train": 23270,
  "n_val": 9973,
  "thresholds": {
    "0": 28.58231956704042,
    "1": 91.44893291252495,
    "2": 14.403925833246035,
    "3": 10.38145483792401,
    "4": 22.450080440785555,
    "5": 8.888256219852623,
    "6": 29.224228135405305
  },
  "global_fallback": 21.4762385455861,
  "wall_time_s": 1.5
}