{
  "operating_points": [
    {
      "name": "lenient",
      "coverage": null,
      "comment": "Maximum throughput \u2014 every flow gets a label",
      "n_total": 693,
      "n_auto_classified": 693,
      "n_review_queue": 0,
      "auto_classified_pct": 100.0,
      "review_queue_pct": 0.0,
      "auto_tp": 587,
      "auto_fp": 14,
      "auto_tn": 79,
      "auto_fn": 13,
      "auto_fp_rate": 0.020202020202020204,
      "auto_fp_pct": 2.0202020202020203,
      "auto_fn_rate": 0.01875901875901876,
      "auto_specificity": 0.8494623655913979,
      "auto_recall_attack": 0.9783333333333334,
      "pipeline_recall_attack_with_review": 0.9783333333333334,
      "wall_time_s": 0.0
    },
    {
      "name": "safe",
      "coverage": 0.95,
      "comment": "Mild OOD filter (default for shipped python_only)",
      "n_total": 693,
      "n_auto_classified": 567,
      "n_review_queue": 126,
      "auto_classified_pct": 81.81818181818181,
      "review_queue_pct": 18.181818181818183,
      "auto_tp": 481,
      "auto_fp": 14,
      "auto_tn": 68,
      "auto_fn": 4,
      "auto_fp_rate": 0.024691358024691357,
      "auto_fp_pct": 2.4691358024691357,
      "auto_fn_rate": 0.007054673721340388,
      "auto_specificity": 0.8292682926829268,
      "auto_recall_attack": 0.8016666666666666,
      "pipeline_recall_attack_with_review": 0.9933333333333333,
      "wall_time_s": 1.32
    },
    {
      "name": "strict",
      "coverage": 0.8,
      "comment": "Aggressive \u2014 abstain on >20% of OOD-suspicious flows",
      "n_total": 693,
      "n_auto_classified": 468,
      "n_review_queue": 225,
      "auto_classified_pct": 67.53246753246754,
      "review_queue_pct": 32.467532467532465,
      "auto_tp": 387,
      "auto_fp": 11,
      "auto_tn": 68,
      "auto_fn": 2,
      "auto_fp_rate": 0.023504273504273504,
      "auto_fp_pct": 2.3504273504273505,
      "auto_fn_rate": 0.004273504273504274,
      "auto_specificity": 0.8607594936708861,
      "auto_recall_attack": 0.645,
      "pipeline_recall_attack_with_review": 0.9966666666666667,
      "wall_time_s": 1.31
    },
    {
      "name": "paranoid",
      "coverage": 0.5,
      "comment": "Only the most-confident predictions kept",
      "n_total": 693,
      "n_auto_classified": 211,
      "n_review_queue": 482,
      "auto_classified_pct": 30.447330447330447,
      "review_queue_pct": 69.55266955266956,
      "auto_tp": 141,
      "auto_fp": 1,
      "auto_tn": 68,
      "auto_fn": 1,
      "auto_fp_rate": 0.004739336492890996,
      "auto_fp_pct": 0.47393364928909953,
      "auto_fn_rate": 0.004739336492890996,
      "auto_specificity": 0.9855072463768116,
      "auto_recall_attack": 0.235,
      "pipeline_recall_attack_with_review": 0.9983333333333333,
      "wall_time_s": 1.31
    }
  ],
  "headline": {
    "name": "paranoid",
    "coverage": 0.5,
    "comment": "Only the most-confident predictions kept",
    "n_total": 693,
    "n_auto_classified": 211,
    "n_review_queue": 482,
    "auto_classified_pct": 30.447330447330447,
    "review_queue_pct": 69.55266955266956,
    "auto_tp": 141,
    "auto_fp": 1,
    "auto_tn": 68,
    "auto_fn": 1,
    "auto_fp_rate": 0.004739336492890996,
    "auto_fp_pct": 0.47393364928909953,
    "auto_fn_rate": 0.004739336492890996,
    "auto_specificity": 0.9855072463768116,
    "auto_recall_attack": 0.235,
    "pipeline_recall_attack_with_review": 0.9983333333333333,
    "wall_time_s": 1.31
  },
  "n_total": 693,
  "n_attack": 600,
  "n_benign": 93
}