{
  "target_coverage": 0.99,
  "achieved_coverage": null,
  "n_train": 23270,
  "n_val": 9973,
  "thresholds": {
    "0": 27.963596901729964,
    "1": 84.49597683065903,
    "2": 13.955259066096577,
    "3": 9.864116338976352,
    "4": 21.950632776347888,
    "5": 8.543773566605612,
    "6": 27.782288931189655
  },
  "global_fallback": 20.755854665922186,
  "wall_time_s": 1.58
}