{
  "n_train": 30324,
  "n_val": 7581,
  "n_features_input": 81,
  "n_features_kept": 67,
  "classes": [
    "BENIGN",
    "Bot",
    "DoS Hulk",
    "DoS slowloris",
    "FTP-Patator",
    "PortScan",
    "SSH-Patator"
  ],
  "val_accuracy": 0.9959108297058435,
  "val_f1_weighted": 0.9959707232284528,
  "val_f1_macro": 0.9913115360593201,
  "val_per_class_report": {
    "0": {
      "precision": 0.9984813971146546,
      "recall": 1.0,
      "f1-score": 0.9992401215805471,
      "support": 1315.0
    },
    "1": {
      "precision": 1.0,
      "recall": 0.9980952380952381,
      "f1-score": 0.9990467111534795,
      "support": 1050.0
    },
    "2": {
      "precision": 0.9995002498750625,
      "recall": 1.0,
      "f1-score": 0.9997500624843789,
      "support": 2000.0
    },
    "3": {
      "precision": 1.0,
      "recall": 1.0,
      "f1-score": 1.0,
      "support": 60.0
    },
    "4": {
      "precision": 1.0,
      "recall": 0.9940828402366864,
      "f1-score": 0.9970326409495549,
      "support": 169.0
    },
    "5": {
      "precision": 0.9985190670122177,
      "recall": 0.9911797133406836,
      "f1-score": 0.9948358539284397,
      "support": 2721.0
    },
    "6": {
      "precision": 0.916083916083916,
      "recall": 0.9849624060150376,
      "f1-score": 0.9492753623188406,
      "support": 266.0
    },
    "accuracy": 0.9959108297058435,
    "macro avg": {
      "precision": 0.9875120900122644,
      "recall": 0.9954743139553779,
      "f1-score": 0.9913115360593201,
      "support": 7581.0
    },
    "weighted avg": {
      "precision": 0.9961287745646302,
      "recall": 0.9959108297058435,
      "f1-score": 0.9959707232284528,
      "support": 7581.0
    }
  },
  "ctu_train_size": 589,
  "ctu_test_size": 253,
  "synthetic_size": 23775,
  "diverse_benign_size": 6280,
  "attack_volume_size": 2599,
  "sandbox_malware_size": 4662,
  "sandbox_sample_weight": 0.5,
  "class_weight": {
    "0": 0.8237307472903593,
    "1": 1.031183051654368,
    "2": 0.5415,
    "3": 18.05,
    "4": 6.389380530973451,
    "5": 0.3979788700045935,
    "6": 4.082940622054665
  },
  "args": {
    "hulk_cap": 10000,
    "ctu_train_frac": 0.7,
    "random_state": 42,
    "output_dir": "results\\v2",
    "sandbox_train_parquet": "results\\python_only\\sandbox_train_flows.parquet",
    "sandbox_sample_weight": 0.5
  },
  "feature_order": [
    "Destination Port",
    "Flow Duration",
    "Total Fwd Packets",
    "Total Backward Packets",
    "Total Length of Fwd Packets",
    "Total Length of Bwd Packets",
    "Fwd Packet Length Max",
    "Fwd Packet Length Min",
    "Fwd Packet Length Mean",
    "Fwd Packet Length Std",
    "Bwd Packet Length Max",
    "Bwd Packet Length Min",
    "Bwd Packet Length Mean",
    "Bwd Packet Length Std",
    "Flow Bytes/s",
    "Flow Packets/s",
    "Flow IAT Mean",
    "Flow IAT Std",
    "Flow IAT Max",
    "Flow IAT Min",
    "Fwd IAT Total",
    "Fwd IAT Mean",
    "Fwd IAT Std",
    "Fwd IAT Max",
    "Fwd IAT Min",
    "Bwd IAT Total",
    "Bwd IAT Mean",
    "Bwd IAT Std",
    "Bwd IAT Max",
    "Bwd IAT Min",
    "Fwd PSH Flags",
    "Fwd URG Flags",
    "Fwd Header Length",
    "Bwd Header Length",
    "Fwd Packets/s",
    "Bwd Packets/s",
    "Min Packet Length",
    "Max Packet Length",
    "Packet Length Mean",
    "Packet Length Std",
    "Packet Length Variance",
    "FIN Flag Count",
    "SYN Flag Count",
    "RST Flag Count",
    "PSH Flag Count",
    "ACK Flag Count",
    "URG Flag Count",
    "CWE Flag Count",
    "ECE Flag Count",
    "Down/Up Ratio",
    "Average Packet Size",
    "Avg Fwd Segment Size",
    "Avg Bwd Segment Size",
    "Fwd Header Length.1",
    "Subflow Fwd Packets",
    "Subflow Fwd Bytes",
    "Subflow Bwd Packets",
    "Subflow Bwd Bytes",
    "Init_Win_bytes_forward",
    "Init_Win_bytes_backward",
    "act_data_pkt_fwd",
    "min_seg_size_forward",
    "Active Mean",
    "Active Std",
    "Active Max",
    "Active Min",
    "Idle Mean",
    "Idle Std",
    "Idle Max",
    "Idle Min",
    "Spectral Peak Freq",
    "Spectral Peak Magnitude",
    "Spectral Entropy",
    "Spectral Centroid",
    "Spectral Bandwidth",
    "Low Freq Energy Ratio",
    "IAT Periodicity Score",
    "IAT Zero Crossing Rate",
    "YARA Match Count",
    "YARA Max Severity",
    "YARA Has Match"
  ]
}