{
  "operating_points": [
    {
      "name": "lenient",
      "coverage": null,
      "comment": "Maximum throughput \u2014 every flow gets a label",
      "n_total": 693,
      "n_auto_classified": 693,
      "n_review_queue": 0,
      "auto_classified_pct": 100.0,
      "review_queue_pct": 0.0,
      "auto_tp": 598,
      "auto_fp": 18,
      "auto_tn": 75,
      "auto_fn": 2,
      "auto_fp_rate": 0.025974025974025976,
      "auto_fp_pct": 2.5974025974025974,
      "auto_fn_rate": 0.002886002886002886,
      "auto_specificity": 0.8064516129032258,
      "auto_recall_attack": 0.9966666666666667,
      "pipeline_recall_attack_with_review": 0.9966666666666667,
      "wall_time_s": 0.0
    },
    {
      "name": "safe",
      "coverage": 0.95,
      "comment": "Mild OOD filter (default for shipped python_only)",
      "n_total": 693,
      "n_auto_classified": 611,
      "n_review_queue": 82,
      "auto_classified_pct": 88.16738816738817,
      "review_queue_pct": 11.832611832611832,
      "auto_tp": 525,
      "auto_fp": 16,
      "auto_tn": 68,
      "auto_fn": 2,
      "auto_fp_rate": 0.02618657937806874,
      "auto_fp_pct": 2.618657937806874,
      "auto_fn_rate": 0.0032733224222585926,
      "auto_specificity": 0.8095238095238095,
      "auto_recall_attack": 0.875,
      "pipeline_recall_attack_with_review": 0.9966666666666667,
      "wall_time_s": 1.38
    },
    {
      "name": "strict",
      "coverage": 0.8,
      "comment": "Aggressive \u2014 abstain on >20% of OOD-suspicious flows",
      "n_total": 693,
      "n_auto_classified": 434,
      "n_review_queue": 259,
      "auto_classified_pct": 62.62626262626262,
      "review_queue_pct": 37.37373737373738,
      "auto_tp": 354,
      "auto_fp": 11,
      "auto_tn": 68,
      "auto_fn": 1,
      "auto_fp_rate": 0.02534562211981567,
      "auto_fp_pct": 2.5345622119815667,
      "auto_fn_rate": 0.002304147465437788,
      "auto_specificity": 0.8607594936708861,
      "auto_recall_attack": 0.59,
      "pipeline_recall_attack_with_review": 0.9983333333333333,
      "wall_time_s": 1.39
    },
    {
      "name": "paranoid",
      "coverage": 0.5,
      "comment": "Only the most-confident predictions kept",
      "n_total": 693,
      "n_auto_classified": 210,
      "n_review_queue": 483,
      "auto_classified_pct": 30.303030303030305,
      "review_queue_pct": 69.6969696969697,
      "auto_tp": 141,
      "auto_fp": 0,
      "auto_tn": 68,
      "auto_fn": 1,
      "auto_fp_rate": 0.0,
      "auto_fp_pct": 0.0,
      "auto_fn_rate": 0.004761904761904762,
      "auto_specificity": 1.0,
      "auto_recall_attack": 0.235,
      "pipeline_recall_attack_with_review": 0.9983333333333333,
      "wall_time_s": 1.41
    }
  ],
  "headline": {
    "name": "paranoid",
    "coverage": 0.5,
    "comment": "Only the most-confident predictions kept",
    "n_total": 693,
    "n_auto_classified": 210,
    "n_review_queue": 483,
    "auto_classified_pct": 30.303030303030305,
    "review_queue_pct": 69.6969696969697,
    "auto_tp": 141,
    "auto_fp": 0,
    "auto_tn": 68,
    "auto_fn": 1,
    "auto_fp_rate": 0.0,
    "auto_fp_pct": 0.0,
    "auto_fn_rate": 0.004761904761904762,
    "auto_specificity": 1.0,
    "auto_recall_attack": 0.235,
    "pipeline_recall_attack_with_review": 0.9983333333333333,
    "wall_time_s": 1.41
  },
  "n_total": 693,
  "n_attack": 600,
  "n_benign": 93
}